areaName,date,newDeaths28DaysByDeathDate,cumDeaths28DaysByDeathDate
United Kingdom,2022-05-19,72,178402
United Kingdom,2022-05-18,70,178330
United Kingdom,2022-05-17,94,178260
United Kingdom,2022-05-16,84,178166
United Kingdom,2022-05-15,89,178082
United Kingdom,2022-05-14,92,177993
United Kingdom,2022-05-13,95,177901
United Kingdom,2022-05-12,119,177806
United Kingdom,2022-05-11,108,177687
United Kingdom,2022-05-10,122,177579
United Kingdom,2022-05-09,114,177457
United Kingdom,2022-05-08,114,177343
United Kingdom,2022-05-07,136,177229
United Kingdom,2022-05-06,134,177093
United Kingdom,2022-05-05,141,176959
United Kingdom,2022-05-04,135,176818
United Kingdom,2022-05-03,143,176683
United Kingdom,2022-05-02,161,176540
United Kingdom,2022-05-01,178,176379
United Kingdom,2022-04-30,182,176201
United Kingdom,2022-04-29,183,176019
United Kingdom,2022-04-28,186,175836
United Kingdom,2022-04-27,192,175650
United Kingdom,2022-04-26,183,175458
United Kingdom,2022-04-25,189,175275
United Kingdom,2022-04-24,179,175086
United Kingdom,2022-04-23,207,174907
United Kingdom,2022-04-22,216,174700
United Kingdom,2022-04-21,208,174484
United Kingdom,2022-04-20,241,174276
United Kingdom,2022-04-19,206,174035
United Kingdom,2022-04-18,252,173829
United Kingdom,2022-04-17,258,173577
United Kingdom,2022-04-16,257,173319
United Kingdom,2022-04-15,250,173062
United Kingdom,2022-04-14,271,172812
United Kingdom,2022-04-13,295,172541
United Kingdom,2022-04-12,279,172246
United Kingdom,2022-04-11,261,171967
United Kingdom,2022-04-10,284,171706
United Kingdom,2022-04-09,265,171422
United Kingdom,2022-04-08,301,171157
United Kingdom,2022-04-07,289,170856
United Kingdom,2022-04-06,274,170567
United Kingdom,2022-04-05,269,170293
United Kingdom,2022-04-04,251,170024
United Kingdom,2022-04-03,266,169773
United Kingdom,2022-04-02,282,169507
United Kingdom,2022-04-01,256,169225
United Kingdom,2022-03-31,259,168969
United Kingdom,2022-03-30,243,168710
United Kingdom,2022-03-29,246,168467
United Kingdom,2022-03-28,230,168221
United Kingdom,2022-03-27,228,167991
United Kingdom,2022-03-26,219,167763
United Kingdom,2022-03-25,227,167544
United Kingdom,2022-03-24,216,167317
United Kingdom,2022-03-23,210,167101
United Kingdom,2022-03-22,225,166891
United Kingdom,2022-03-21,185,166666
United Kingdom,2022-03-20,202,166481
United Kingdom,2022-03-19,195,166279
United Kingdom,2022-03-18,208,166084
United Kingdom,2022-03-17,187,165876
United Kingdom,2022-03-16,184,165689
United Kingdom,2022-03-15,154,165505
United Kingdom,2022-03-14,181,165351
United Kingdom,2022-03-13,154,165170
United Kingdom,2022-03-12,144,165016
United Kingdom,2022-03-11,142,164872
United Kingdom,2022-03-10,154,164730
United Kingdom,2022-03-09,141,164576
United Kingdom,2022-03-08,147,164435
United Kingdom,2022-03-07,147,164288
United Kingdom,2022-03-06,131,164141
United Kingdom,2022-03-05,126,164010
United Kingdom,2022-03-04,132,163884
United Kingdom,2022-03-03,160,163752
United Kingdom,2022-03-02,161,163592
United Kingdom,2022-03-01,135,163431
United Kingdom,2022-02-28,145,163296
United Kingdom,2022-02-27,136,163151
United Kingdom,2022-02-26,134,163015
United Kingdom,2022-02-25,148,162881
United Kingdom,2022-02-24,166,162733
United Kingdom,2022-02-23,146,162567
United Kingdom,2022-02-22,144,162421
United Kingdom,2022-02-21,146,162277
United Kingdom,2022-02-20,167,162131
United Kingdom,2022-02-19,157,161964
United Kingdom,2022-02-18,159,161807
United Kingdom,2022-02-17,163,161648
United Kingdom,2022-02-16,168,161485
United Kingdom,2022-02-15,174,161317
United Kingdom,2022-02-14,192,161143
United Kingdom,2022-02-13,175,160951
United Kingdom,2022-02-12,165,160776
United Kingdom,2022-02-11,164,160611
United Kingdom,2022-02-10,183,160447
United Kingdom,2022-02-09,181,160264
United Kingdom,2022-02-08,190,160083
United Kingdom,2022-02-07,181,159893
United Kingdom,2022-02-06,213,159712
United Kingdom,2022-02-05,218,159499
United Kingdom,2022-02-04,195,159281
United Kingdom,2022-02-03,232,159086
United Kingdom,2022-02-02,248,158854
United Kingdom,2022-02-01,264,158606
United Kingdom,2022-01-31,257,158342
United Kingdom,2022-01-30,245,158085
United Kingdom,2022-01-29,262,157840
United Kingdom,2022-01-28,261,157578
United Kingdom,2022-01-27,300,157317
United Kingdom,2022-01-26,264,157017
United Kingdom,2022-01-25,247,156753
United Kingdom,2022-01-24,281,156506
United Kingdom,2022-01-23,255,156225
United Kingdom,2022-01-22,287,155970
United Kingdom,2022-01-21,303,155683
United Kingdom,2022-01-20,254,155380
United Kingdom,2022-01-19,281,155126
United Kingdom,2022-01-18,290,154845
United Kingdom,2022-01-17,296,154555
United Kingdom,2022-01-16,295,154259
United Kingdom,2022-01-15,298,153964
United Kingdom,2022-01-14,281,153666
United Kingdom,2022-01-13,285,153385
United Kingdom,2022-01-12,262,153100
United Kingdom,2022-01-11,270,152838
United Kingdom,2022-01-10,278,152568
United Kingdom,2022-01-09,272,152290
United Kingdom,2022-01-08,246,152018
United Kingdom,2022-01-07,251,151772
United Kingdom,2022-01-06,258,151521
United Kingdom,2022-01-05,214,151263
United Kingdom,2022-01-04,222,151049
United Kingdom,2022-01-03,178,150827
United Kingdom,2022-01-02,177,150649
United Kingdom,2022-01-01,182,150472
United Kingdom,2021-12-31,169,150290
United Kingdom,2021-12-30,192,150121
United Kingdom,2021-12-29,125,149929
United Kingdom,2021-12-28,167,149804
United Kingdom,2021-12-27,144,149637
United Kingdom,2021-12-26,117,149493
United Kingdom,2021-12-25,108,149376
United Kingdom,2021-12-24,126,149268
United Kingdom,2021-12-23,132,149142
United Kingdom,2021-12-22,126,149010
United Kingdom,2021-12-21,101,148884
United Kingdom,2021-12-20,124,148783
United Kingdom,2021-12-19,103,148659
United Kingdom,2021-12-18,108,148556
United Kingdom,2021-12-17,129,148448
United Kingdom,2021-12-16,107,148319
United Kingdom,2021-12-15,113,148212
United Kingdom,2021-12-14,128,148099
United Kingdom,2021-12-13,104,147971
United Kingdom,2021-12-12,122,147867
United Kingdom,2021-12-11,96,147745
United Kingdom,2021-12-10,109,147649
United Kingdom,2021-12-09,125,147540
United Kingdom,2021-12-08,113,147415
United Kingdom,2021-12-07,122,147302
United Kingdom,2021-12-06,137,147180
United Kingdom,2021-12-05,112,147043
United Kingdom,2021-12-04,147,146931
United Kingdom,2021-12-03,133,146784
United Kingdom,2021-12-02,108,146651
United Kingdom,2021-12-01,124,146543
United Kingdom,2021-11-30,96,146419
United Kingdom,2021-11-29,124,146323
United Kingdom,2021-11-28,120,146199
United Kingdom,2021-11-27,108,146079
United Kingdom,2021-11-26,132,145971
United Kingdom,2021-11-25,136,145839
United Kingdom,2021-11-24,116,145703
United Kingdom,2021-11-23,143,145587
United Kingdom,2021-11-22,120,145444
United Kingdom,2021-11-21,106,145324
United Kingdom,2021-11-20,130,145218
United Kingdom,2021-11-19,125,145088
United Kingdom,2021-11-18,136,144963
United Kingdom,2021-11-17,126,144827
United Kingdom,2021-11-16,153,144701
United Kingdom,2021-11-15,174,144548
United Kingdom,2021-11-14,129,144374
United Kingdom,2021-11-13,135,144245
United Kingdom,2021-11-12,149,144110
United Kingdom,2021-11-11,145,143961
United Kingdom,2021-11-10,149,143816
United Kingdom,2021-11-09,150,143667
United Kingdom,2021-11-08,156,143517
United Kingdom,2021-11-07,168,143361
United Kingdom,2021-11-06,170,143193
United Kingdom,2021-11-05,160,143023
United Kingdom,2021-11-04,157,142863
United Kingdom,2021-11-03,165,142706
United Kingdom,2021-11-02,158,142541
United Kingdom,2021-11-01,177,142383
United Kingdom,2021-10-31,188,142206
United Kingdom,2021-10-30,169,142018
United Kingdom,2021-10-29,171,141849
United Kingdom,2021-10-28,192,141678
United Kingdom,2021-10-27,162,141486
United Kingdom,2021-10-26,165,141324
United Kingdom,2021-10-25,134,141159
United Kingdom,2021-10-24,152,141025
United Kingdom,2021-10-23,166,140873
United Kingdom,2021-10-22,137,140707
United Kingdom,2021-10-21,157,140570
United Kingdom,2021-10-20,155,140413
United Kingdom,2021-10-19,129,140258
United Kingdom,2021-10-18,127,140129
United Kingdom,2021-10-17,129,140002
United Kingdom,2021-10-16,133,139873
United Kingdom,2021-10-15,140,139740
United Kingdom,2021-10-14,149,139600
United Kingdom,2021-10-13,121,139451
United Kingdom,2021-10-12,115,139330
United Kingdom,2021-10-11,127,139215
United Kingdom,2021-10-10,96,139088
United Kingdom,2021-10-09,117,138992
United Kingdom,2021-10-08,120,138875
United Kingdom,2021-10-07,124,138755
United Kingdom,2021-10-06,104,138631
United Kingdom,2021-10-05,120,138527
United Kingdom,2021-10-04,103,138407
United Kingdom,2021-10-03,96,138304
United Kingdom,2021-10-02,110,138208
United Kingdom,2021-10-01,129,138098
United Kingdom,2021-09-30,113,137969
United Kingdom,2021-09-29,126,137856
United Kingdom,2021-09-28,110,137730
United Kingdom,2021-09-27,117,137620
United Kingdom,2021-09-26,98,137503
United Kingdom,2021-09-25,125,137405
United Kingdom,2021-09-24,126,137280
United Kingdom,2021-09-23,140,137154
United Kingdom,2021-09-22,151,137014
United Kingdom,2021-09-21,122,136863
United Kingdom,2021-09-20,139,136741
United Kingdom,2021-09-19,125,136602
United Kingdom,2021-09-18,124,136477
United Kingdom,2021-09-17,176,136353
United Kingdom,2021-09-16,150,136177
United Kingdom,2021-09-15,145,136027
United Kingdom,2021-09-14,155,135882
United Kingdom,2021-09-13,110,135727
United Kingdom,2021-09-12,144,135617
United Kingdom,2021-09-11,138,135473
United Kingdom,2021-09-10,146,135335
United Kingdom,2021-09-09,167,135189
United Kingdom,2021-09-08,142,135022
United Kingdom,2021-09-07,157,134880
United Kingdom,2021-09-06,138,134723
United Kingdom,2021-09-05,157,134585
United Kingdom,2021-09-04,135,134428
United Kingdom,2021-09-03,148,134293
United Kingdom,2021-09-02,129,134145
United Kingdom,2021-09-01,120,134016
United Kingdom,2021-08-31,117,133896
United Kingdom,2021-08-30,107,133779
United Kingdom,2021-08-29,128,133672
United Kingdom,2021-08-28,126,133544
United Kingdom,2021-08-27,129,133418
United Kingdom,2021-08-26,116,133289
United Kingdom,2021-08-25,103,133173
United Kingdom,2021-08-24,114,133070
United Kingdom,2021-08-23,117,132956
United Kingdom,2021-08-22,119,132839
United Kingdom,2021-08-21,108,132720
United Kingdom,2021-08-20,118,132612
United Kingdom,2021-08-19,110,132494
United Kingdom,2021-08-18,101,132384
United Kingdom,2021-08-17,109,132283
United Kingdom,2021-08-16,83,132174
United Kingdom,2021-08-15,87,132091
United Kingdom,2021-08-14,96,132004
United Kingdom,2021-08-13,107,131908
United Kingdom,2021-08-12,108,131801
United Kingdom,2021-08-11,89,131693
United Kingdom,2021-08-10,81,131604
United Kingdom,2021-08-09,83,131523
United Kingdom,2021-08-08,81,131440
United Kingdom,2021-08-07,95,131359
United Kingdom,2021-08-06,95,131264
United Kingdom,2021-08-05,102,131169
United Kingdom,2021-08-04,80,131067
United Kingdom,2021-08-03,74,130987
United Kingdom,2021-08-02,81,130913
United Kingdom,2021-08-01,95,130832
United Kingdom,2021-07-31,91,130737
United Kingdom,2021-07-30,108,130646
United Kingdom,2021-07-29,83,130538
United Kingdom,2021-07-28,88,130455
United Kingdom,2021-07-27,72,130367
United Kingdom,2021-07-26,76,130295
United Kingdom,2021-07-25,73,130219
United Kingdom,2021-07-24,74,130146
United Kingdom,2021-07-23,86,130072
United Kingdom,2021-07-22,79,129986
United Kingdom,2021-07-21,55,129907
United Kingdom,2021-07-20,58,129852
United Kingdom,2021-07-19,82,129794
United Kingdom,2021-07-18,69,129712
United Kingdom,2021-07-17,52,129643
United Kingdom,2021-07-16,52,129591
United Kingdom,2021-07-15,52,129539
United Kingdom,2021-07-14,43,129487
United Kingdom,2021-07-13,50,129444
United Kingdom,2021-07-12,41,129394
United Kingdom,2021-07-11,35,129353
United Kingdom,2021-07-10,42,129318
United Kingdom,2021-07-09,48,129276
United Kingdom,2021-07-08,42,129228
United Kingdom,2021-07-07,29,129186
United Kingdom,2021-07-06,32,129157
United Kingdom,2021-07-05,29,129125
United Kingdom,2021-07-04,29,129096
United Kingdom,2021-07-03,29,129067
United Kingdom,2021-07-02,29,129038
United Kingdom,2021-07-01,25,129009
United Kingdom,2021-06-30,23,128984
United Kingdom,2021-06-29,25,128961
United Kingdom,2021-06-28,13,128936
United Kingdom,2021-06-27,22,128923
United Kingdom,2021-06-26,17,128901
United Kingdom,2021-06-25,22,128884
United Kingdom,2021-06-24,22,128862
United Kingdom,2021-06-23,8,128840
United Kingdom,2021-06-22,13,128832
United Kingdom,2021-06-21,16,128819
United Kingdom,2021-06-20,25,128803
United Kingdom,2021-06-19,23,128778
United Kingdom,2021-06-18,12,128755
United Kingdom,2021-06-17,6,128743
United Kingdom,2021-06-16,13,128737
United Kingdom,2021-06-15,21,128724
United Kingdom,2021-06-14,11,128703
United Kingdom,2021-06-13,11,128692
United Kingdom,2021-06-12,14,128681
United Kingdom,2021-06-11,6,128667
United Kingdom,2021-06-10,13,128661
United Kingdom,2021-06-09,9,128648
United Kingdom,2021-06-08,10,128639
United Kingdom,2021-06-07,6,128629
United Kingdom,2021-06-06,8,128623
United Kingdom,2021-06-05,7,128615
United Kingdom,2021-06-04,13,128608
United Kingdom,2021-06-03,12,128595
United Kingdom,2021-06-02,13,128583
United Kingdom,2021-06-01,4,128570
United Kingdom,2021-05-31,8,128566
United Kingdom,2021-05-30,9,128558
United Kingdom,2021-05-29,9,128549
United Kingdom,2021-05-28,8,128540
United Kingdom,2021-05-27,9,128532
United Kingdom,2021-05-26,13,128523
United Kingdom,2021-05-25,7,128510
United Kingdom,2021-05-24,9,128503
United Kingdom,2021-05-23,9,128494
United Kingdom,2021-05-22,5,128485
United Kingdom,2021-05-21,10,128480
United Kingdom,2021-05-20,6,128470
United Kingdom,2021-05-19,5,128464
United Kingdom,2021-05-18,6,128459
United Kingdom,2021-05-17,9,128453
United Kingdom,2021-05-16,9,128444
United Kingdom,2021-05-15,8,128435
United Kingdom,2021-05-14,6,128427
United Kingdom,2021-05-13,7,128421
United Kingdom,2021-05-12,12,128414
United Kingdom,2021-05-11,15,128402
United Kingdom,2021-05-10,10,128387
United Kingdom,2021-05-09,9,128377
United Kingdom,2021-05-08,10,128368
United Kingdom,2021-05-07,12,128358
United Kingdom,2021-05-06,11,128346
United Kingdom,2021-05-05,13,128335
United Kingdom,2021-05-04,10,128322
United Kingdom,2021-05-03,9,128312
United Kingdom,2021-05-02,14,128303
United Kingdom,2021-05-01,9,128289
United Kingdom,2021-04-30,12,128280
United Kingdom,2021-04-29,16,128268
United Kingdom,2021-04-28,16,128252
United Kingdom,2021-04-27,16,128236
United Kingdom,2021-04-26,14,128220
United Kingdom,2021-04-25,15,128206
United Kingdom,2021-04-24,8,128191
United Kingdom,2021-04-23,23,128183
United Kingdom,2021-04-22,17,128160
United Kingdom,2021-04-21,24,128143
United Kingdom,2021-04-20,19,128119
United Kingdom,2021-04-19,18,128100
United Kingdom,2021-04-18,18,128082
United Kingdom,2021-04-17,25,128064
United Kingdom,2021-04-16,19,128039
United Kingdom,2021-04-15,22,128020
United Kingdom,2021-04-14,18,127998
United Kingdom,2021-04-13,21,127980
United Kingdom,2021-04-12,29,127959
United Kingdom,2021-04-11,24,127930
United Kingdom,2021-04-10,25,127906
United Kingdom,2021-04-09,27,127881
United Kingdom,2021-04-08,35,127854
United Kingdom,2021-04-07,28,127819
United Kingdom,2021-04-06,28,127791
United Kingdom,2021-04-05,19,127763
United Kingdom,2021-04-04,27,127744
United Kingdom,2021-04-03,31,127717
United Kingdom,2021-04-02,32,127686
United Kingdom,2021-04-01,32,127654
United Kingdom,2021-03-31,39,127622
United Kingdom,2021-03-30,43,127583
United Kingdom,2021-03-29,37,127540
United Kingdom,2021-03-28,34,127503
United Kingdom,2021-03-27,39,127469
United Kingdom,2021-03-26,48,127430
United Kingdom,2021-03-25,46,127382
United Kingdom,2021-03-24,42,127336
United Kingdom,2021-03-23,52,127294
United Kingdom,2021-03-22,68,127242
United Kingdom,2021-03-21,81,127174
United Kingdom,2021-03-20,64,127093
United Kingdom,2021-03-19,70,127029
United Kingdom,2021-03-18,59,126959
United Kingdom,2021-03-17,81,126900
United Kingdom,2021-03-16,82,126819
United Kingdom,2021-03-15,97,126737
United Kingdom,2021-03-14,98,126640
United Kingdom,2021-03-13,106,126542
United Kingdom,2021-03-12,95,126436
United Kingdom,2021-03-11,125,126341
United Kingdom,2021-03-10,118,126216
United Kingdom,2021-03-09,138,126098
United Kingdom,2021-03-08,144,125960
United Kingdom,2021-03-07,133,125816
United Kingdom,2021-03-06,153,125683
United Kingdom,2021-03-05,169,125530
United Kingdom,2021-03-04,154,125361
United Kingdom,2021-03-03,147,125207
United Kingdom,2021-03-02,185,125060
United Kingdom,2021-03-01,224,124875
United Kingdom,2021-02-28,215,124651
United Kingdom,2021-02-27,230,124436
United Kingdom,2021-02-26,229,124206
United Kingdom,2021-02-25,260,123977
United Kingdom,2021-02-24,275,123717
United Kingdom,2021-02-23,290,123442
United Kingdom,2021-02-22,282,123152
United Kingdom,2021-02-21,327,122870
United Kingdom,2021-02-20,352,122543
United Kingdom,2021-02-19,382,122191
United Kingdom,2021-02-18,421,121809
United Kingdom,2021-02-17,432,121388
United Kingdom,2021-02-16,447,120956
United Kingdom,2021-02-15,519,120509
United Kingdom,2021-02-14,498,119990
United Kingdom,2021-02-13,494,119492
United Kingdom,2021-02-12,535,118998
United Kingdom,2021-02-11,576,118463
United Kingdom,2021-02-10,610,117887
United Kingdom,2021-02-09,612,117277
United Kingdom,2021-02-08,680,116665
United Kingdom,2021-02-07,637,115985
United Kingdom,2021-02-06,703,115348
United Kingdom,2021-02-05,756,114645
United Kingdom,2021-02-04,722,113889
United Kingdom,2021-02-03,866,113167
United Kingdom,2021-02-02,854,112301
United Kingdom,2021-02-01,899,111447
United Kingdom,2021-01-31,894,110548
United Kingdom,2021-01-30,913,109654
United Kingdom,2021-01-29,1071,108741
United Kingdom,2021-01-28,1112,107670
United Kingdom,2021-01-27,1117,106558
United Kingdom,2021-01-26,1068,105441
United Kingdom,2021-01-25,1171,104373
United Kingdom,2021-01-24,1159,103202
United Kingdom,2021-01-23,1176,102043
United Kingdom,2021-01-22,1247,100867
United Kingdom,2021-01-21,1240,99620
United Kingdom,2021-01-20,1302,98380
United Kingdom,2021-01-19,1370,97078
United Kingdom,2021-01-18,1301,95708
United Kingdom,2021-01-17,1272,94407
United Kingdom,2021-01-16,1311,93135
United Kingdom,2021-01-15,1229,91824
United Kingdom,2021-01-14,1234,90595
United Kingdom,2021-01-13,1218,89361
United Kingdom,2021-01-12,1212,88143
United Kingdom,2021-01-11,1133,86931
United Kingdom,2021-01-10,1099,85798
United Kingdom,2021-01-09,1022,84699
United Kingdom,2021-01-08,989,83677
United Kingdom,2021-01-07,997,82688
United Kingdom,2021-01-06,938,81691
United Kingdom,2021-01-05,909,80753
United Kingdom,2021-01-04,846,79844
United Kingdom,2021-01-03,763,78998
United Kingdom,2021-01-02,762,78235
United Kingdom,2021-01-01,751,77473
United Kingdom,2020-12-31,758,76722
United Kingdom,2020-12-30,724,75964
United Kingdom,2020-12-29,659,75240
United Kingdom,2020-12-28,682,74581
United Kingdom,2020-12-27,662,73899
United Kingdom,2020-12-26,659,73237
United Kingdom,2020-12-25,616,72578
United Kingdom,2020-12-24,586,71962
United Kingdom,2020-12-23,567,71376
United Kingdom,2020-12-22,564,70809
United Kingdom,2020-12-21,577,70245
United Kingdom,2020-12-20,506,69668
United Kingdom,2020-12-19,491,69162
United Kingdom,2020-12-18,517,68671
United Kingdom,2020-12-17,539,68154
United Kingdom,2020-12-16,432,67615
United Kingdom,2020-12-15,462,67183
United Kingdom,2020-12-14,482,66721
United Kingdom,2020-12-13,421,66239
United Kingdom,2020-12-12,441,65818
United Kingdom,2020-12-11,455,65377
United Kingdom,2020-12-10,450,64922
United Kingdom,2020-12-09,433,64472
United Kingdom,2020-12-08,436,64039
United Kingdom,2020-12-07,426,63603
United Kingdom,2020-12-06,422,63177
United Kingdom,2020-12-05,396,62755
United Kingdom,2020-12-04,477,62359
United Kingdom,2020-12-03,477,61882
United Kingdom,2020-12-02,387,61405
United Kingdom,2020-12-01,400,61018
United Kingdom,2020-11-30,426,60618
United Kingdom,2020-11-29,466,60192
United Kingdom,2020-11-28,471,59726
United Kingdom,2020-11-27,430,59255
United Kingdom,2020-11-26,435,58825
United Kingdom,2020-11-25,488,58390
United Kingdom,2020-11-24,465,57902
United Kingdom,2020-11-23,465,57437
United Kingdom,2020-11-22,479,56972
United Kingdom,2020-11-21,470,56493
United Kingdom,2020-11-20,457,56023
United Kingdom,2020-11-19,466,55566
United Kingdom,2020-11-18,492,55100
United Kingdom,2020-11-17,444,54608
United Kingdom,2020-11-16,425,54164
United Kingdom,2020-11-15,458,53739
United Kingdom,2020-11-14,438,53281
United Kingdom,2020-11-13,439,52843
United Kingdom,2020-11-12,423,52404
United Kingdom,2020-11-11,392,51981
United Kingdom,2020-11-10,392,51589
United Kingdom,2020-11-09,486,51197
United Kingdom,2020-11-08,419,50711
United Kingdom,2020-11-07,395,50292
United Kingdom,2020-11-06,402,49897
United Kingdom,2020-11-05,383,49495
United Kingdom,2020-11-04,329,49112
United Kingdom,2020-11-03,363,48783
United Kingdom,2020-11-02,343,48420
United Kingdom,2020-11-01,361,48077
United Kingdom,2020-10-31,326,47716
United Kingdom,2020-10-30,340,47390
United Kingdom,2020-10-29,314,47050
United Kingdom,2020-10-28,287,46736
United Kingdom,2020-10-27,269,46449
United Kingdom,2020-10-26,283,46180
United Kingdom,2020-10-25,252,45897
United Kingdom,2020-10-24,214,45645
United Kingdom,2020-10-23,224,45431
United Kingdom,2020-10-22,236,45207
United Kingdom,2020-10-21,221,44971
United Kingdom,2020-10-20,200,44750
United Kingdom,2020-10-19,192,44550
United Kingdom,2020-10-18,161,44358
United Kingdom,2020-10-17,179,44197
United Kingdom,2020-10-16,150,44018
United Kingdom,2020-10-15,151,43868
United Kingdom,2020-10-14,117,43717
United Kingdom,2020-10-13,111,43600
United Kingdom,2020-10-12,114,43489
United Kingdom,2020-10-11,125,43375
United Kingdom,2020-10-10,105,43250
United Kingdom,2020-10-09,80,43145
United Kingdom,2020-10-08,95,43065
United Kingdom,2020-10-07,102,42970
United Kingdom,2020-10-06,71,42868
United Kingdom,2020-10-05,72,42797
United Kingdom,2020-10-04,60,42725
United Kingdom,2020-10-03,67,42665
United Kingdom,2020-10-02,70,42598
United Kingdom,2020-10-01,67,42528
United Kingdom,2020-09-30,57,42461
United Kingdom,2020-09-29,48,42404
United Kingdom,2020-09-28,54,42356
United Kingdom,2020-09-27,49,42302
United Kingdom,2020-09-26,40,42253
United Kingdom,2020-09-25,33,42213
United Kingdom,2020-09-24,35,42180
United Kingdom,2020-09-23,58,42145
United Kingdom,2020-09-22,40,42087
United Kingdom,2020-09-21,27,42047
United Kingdom,2020-09-20,32,42020
United Kingdom,2020-09-19,21,41988
United Kingdom,2020-09-18,24,41967
United Kingdom,2020-09-17,28,41943
United Kingdom,2020-09-16,27,41915
United Kingdom,2020-09-15,18,41888
United Kingdom,2020-09-14,21,41870
United Kingdom,2020-09-13,17,41849
United Kingdom,2020-09-12,18,41832
United Kingdom,2020-09-11,13,41814
United Kingdom,2020-09-10,13,41801
United Kingdom,2020-09-09,10,41788
United Kingdom,2020-09-08,10,41778
United Kingdom,2020-09-07,15,41768
United Kingdom,2020-09-06,9,41753
United Kingdom,2020-09-05,13,41744
United Kingdom,2020-09-04,9,41731
United Kingdom,2020-09-03,10,41722
United Kingdom,2020-09-02,11,41712
United Kingdom,2020-09-01,5,41701
United Kingdom,2020-08-31,10,41696
United Kingdom,2020-08-30,6,41686
United Kingdom,2020-08-29,5,41680
United Kingdom,2020-08-28,11,41675
United Kingdom,2020-08-27,9,41664
United Kingdom,2020-08-26,11,41655
United Kingdom,2020-08-25,13,41644
United Kingdom,2020-08-24,6,41631
United Kingdom,2020-08-23,16,41625
United Kingdom,2020-08-22,9,41609
United Kingdom,2020-08-21,7,41600
United Kingdom,2020-08-20,8,41593
United Kingdom,2020-08-19,4,41585
United Kingdom,2020-08-18,9,41581
United Kingdom,2020-08-17,12,41572
United Kingdom,2020-08-16,4,41560
United Kingdom,2020-08-15,13,41556
United Kingdom,2020-08-14,7,41543
United Kingdom,2020-08-13,9,41536
United Kingdom,2020-08-12,8,41527
United Kingdom,2020-08-11,10,41519
United Kingdom,2020-08-10,13,41509
United Kingdom,2020-08-09,9,41496
United Kingdom,2020-08-08,14,41487
United Kingdom,2020-08-07,13,41473
United Kingdom,2020-08-06,9,41460
United Kingdom,2020-08-05,6,41451
United Kingdom,2020-08-04,14,41445
United Kingdom,2020-08-03,16,41431
United Kingdom,2020-08-02,10,41415
United Kingdom,2020-08-01,11,41405
United Kingdom,2020-07-31,14,41394
United Kingdom,2020-07-30,10,41380
United Kingdom,2020-07-29,12,41370
United Kingdom,2020-07-28,12,41358
United Kingdom,2020-07-27,13,41346
United Kingdom,2020-07-26,17,41333
United Kingdom,2020-07-25,17,41316
United Kingdom,2020-07-24,7,41299
United Kingdom,2020-07-23,16,41292
United Kingdom,2020-07-22,18,41276
United Kingdom,2020-07-21,21,41258
United Kingdom,2020-07-20,12,41237
United Kingdom,2020-07-19,14,41225
United Kingdom,2020-07-18,15,41211
United Kingdom,2020-07-17,18,41196
United Kingdom,2020-07-16,13,41178
United Kingdom,2020-07-15,20,41165
United Kingdom,2020-07-14,21,41145
United Kingdom,2020-07-13,26,41124
United Kingdom,2020-07-12,14,41098
United Kingdom,2020-07-11,21,41084
United Kingdom,2020-07-10,23,41063
United Kingdom,2020-07-09,37,41040
United Kingdom,2020-07-08,24,41003
United Kingdom,2020-07-07,27,40979
United Kingdom,2020-07-06,37,40952
United Kingdom,2020-07-05,28,40915
United Kingdom,2020-07-04,33,40887
United Kingdom,2020-07-03,30,40854
United Kingdom,2020-07-02,43,40824
United Kingdom,2020-07-01,26,40781
United Kingdom,2020-06-30,47,40755
United Kingdom,2020-06-29,39,40708
United Kingdom,2020-06-28,45,40669
United Kingdom,2020-06-27,51,40624
United Kingdom,2020-06-26,42,40573
United Kingdom,2020-06-25,68,40531
United Kingdom,2020-06-24,74,40463
United Kingdom,2020-06-23,65,40389
United Kingdom,2020-06-22,64,40324
United Kingdom,2020-06-21,54,40260
United Kingdom,2020-06-20,60,40206
United Kingdom,2020-06-19,52,40146
United Kingdom,2020-06-18,61,40094
United Kingdom,2020-06-17,59,40033
United Kingdom,2020-06-16,85,39974
United Kingdom,2020-06-15,71,39889
United Kingdom,2020-06-14,86,39818
United Kingdom,2020-06-13,62,39732
United Kingdom,2020-06-12,80,39670
United Kingdom,2020-06-11,81,39590
United Kingdom,2020-06-10,110,39509
United Kingdom,2020-06-09,90,39399
United Kingdom,2020-06-08,125,39309
United Kingdom,2020-06-07,128,39184
United Kingdom,2020-06-06,111,39056
United Kingdom,2020-06-05,123,38945
United Kingdom,2020-06-04,134,38822
United Kingdom,2020-06-03,155,38688
United Kingdom,2020-06-02,168,38533
United Kingdom,2020-06-01,134,38365
United Kingdom,2020-05-31,127,38231
United Kingdom,2020-05-30,163,38104
United Kingdom,2020-05-29,186,37941
United Kingdom,2020-05-28,217,37755
United Kingdom,2020-05-27,198,37538
United Kingdom,2020-05-26,214,37340
United Kingdom,2020-05-25,200,37126
United Kingdom,2020-05-24,197,36926
United Kingdom,2020-05-23,220,36729
United Kingdom,2020-05-22,223,36509
United Kingdom,2020-05-21,239,36286
United Kingdom,2020-05-20,270,36047
United Kingdom,2020-05-19,275,35777
United Kingdom,2020-05-18,293,35502
United Kingdom,2020-05-17,266,35209
United Kingdom,2020-05-16,314,34943
United Kingdom,2020-05-15,314,34629
United Kingdom,2020-05-14,334,34315
United Kingdom,2020-05-13,317,33981
United Kingdom,2020-05-12,321,33664
United Kingdom,2020-05-11,309,33343
United Kingdom,2020-05-10,348,33034
United Kingdom,2020-05-09,379,32686
United Kingdom,2020-05-08,384,32307
United Kingdom,2020-05-07,461,31923
United Kingdom,2020-05-06,460,31462
United Kingdom,2020-05-05,465,31002
United Kingdom,2020-05-04,484,30537
United Kingdom,2020-05-03,450,30053
United Kingdom,2020-05-02,494,29603
United Kingdom,2020-05-01,568,29109
United Kingdom,2020-04-30,551,28541
United Kingdom,2020-04-29,573,27990
United Kingdom,2020-04-28,560,27417
United Kingdom,2020-04-27,594,26857
United Kingdom,2020-04-26,633,26263
United Kingdom,2020-04-25,646,25630
United Kingdom,2020-04-24,682,24984
United Kingdom,2020-04-23,678,24302
United Kingdom,2020-04-22,731,23624
United Kingdom,2020-04-21,745,22893
United Kingdom,2020-04-20,783,22148
United Kingdom,2020-04-19,770,21365
United Kingdom,2020-04-18,800,20595
United Kingdom,2020-04-17,820,19795
United Kingdom,2020-04-16,842,18975
United Kingdom,2020-04-15,878,18133
United Kingdom,2020-04-14,859,17255
United Kingdom,2020-04-13,896,16396
United Kingdom,2020-04-12,957,15500
United Kingdom,2020-04-11,956,14543
United Kingdom,2020-04-10,944,13587
United Kingdom,2020-04-09,1002,12643
United Kingdom,2020-04-08,1077,11641
United Kingdom,2020-04-07,998,10564
United Kingdom,2020-04-06,895,9566
United Kingdom,2020-04-05,917,8671
United Kingdom,2020-04-04,906,7754
United Kingdom,2020-04-03,840,6848
United Kingdom,2020-04-02,805,6008
United Kingdom,2020-04-01,769,5203
United Kingdom,2020-03-31,662,4434
United Kingdom,2020-03-30,590,3772
United Kingdom,2020-03-29,507,3182
United Kingdom,2020-03-28,436,2675
United Kingdom,2020-03-27,398,2239
United Kingdom,2020-03-26,363,1841
United Kingdom,2020-03-25,303,1478
United Kingdom,2020-03-24,237,1175
United Kingdom,2020-03-23,186,938
United Kingdom,2020-03-22,164,752
United Kingdom,2020-03-21,130,588
United Kingdom,2020-03-20,109,458
United Kingdom,2020-03-19,73,349
United Kingdom,2020-03-18,68,276
United Kingdom,2020-03-17,53,208
United Kingdom,2020-03-16,47,155
United Kingdom,2020-03-15,32,108
United Kingdom,2020-03-14,22,76
United Kingdom,2020-03-13,16,54
United Kingdom,2020-03-12,13,38
United Kingdom,2020-03-11,8,25
United Kingdom,2020-03-10,3,17
United Kingdom,2020-03-09,5,14
United Kingdom,2020-03-08,3,9
United Kingdom,2020-03-07,0,0
United Kingdom,2020-03-06,0,0
United Kingdom,2020-03-05,3,6
United Kingdom,2020-03-04,0,0
United Kingdom,2020-03-03,2,3
United Kingdom,2020-03-02,1,1